{"nodes":{"node:1":{"location":{"x":10,"y":10}},"node:4":{"location":{"x":210,"y":60}}},"selection":null,"view":{"scroll":{"x":-9.26820850372314453,"y":-38.9652824401855469},"visible_rect":{"max":{"x":2184.3330078125,"y":955.782470703125},"min":{"x":-14.1499996185302734,"y":-59.4892463684082031}},"zoom":0.654997110366821289}}