{"nodes":{"node:1":{"location":{"x":-9,"y":-12}},"node:4":{"location":{"x":388,"y":196}}},"selection":["node:4"],"view":{"scroll":{"x":-401.924468994140625,"y":-263.66375732421875},"zoom":1.49999988079071045}}