{"nodes":{"node:1":{"location":{"x":10,"y":10}},"node:264017680":{"location":{"x":150,"y":60}},"node:4":{"location":{"x":210,"y":60}}},"selection":null,"view":{"scroll":{"x":-3.47458314895629883,"y":-0.254610896110534668},"visible_rect":{"max":{"x":45767.421875,"y":32052.62109375},"min":{"x":-193.099945068359375,"y":-14.1499996185302734}},"zoom":0.0179937034845352173}}